"Project","File","Bytes","Source"
"project-01","cover.jpg","553485","https://static.tildacdn.com/tild3039-6634-4232-b666-396131613637/2.jpg"
"project-01","01.jpg","294690","https://static.tildacdn.com/tild3366-3631-4131-a331-636239626566/3.jpg"
"project-01","02.jpg","551802","https://static.tildacdn.com/tild3034-6166-4132-b337-373139366537/4.jpg"
"project-01","03.jpg","276671","https://static.tildacdn.com/tild3938-6564-4438-a263-356664323263/7.jpg"
"project-01","04.jpg","318572","https://static.tildacdn.com/tild3030-3539-4135-a364-636134353361/9.jpg"
"project-01","05.jpg","475207","https://static.tildacdn.com/tild6433-6133-4362-b266-393033646461/10.jpg"
"project-01","06.jpg","729795","https://static.tildacdn.com/tild6264-6334-4164-a635-393065323566/11.jpg"
"project-01","07.jpg","261164","https://static.tildacdn.com/tild3462-3730-4535-a666-313361646662/12.jpg"
"project-01","08.jpg","403749","https://static.tildacdn.com/tild6537-3063-4164-b363-346466653663/13.jpg"
"project-01","09.jpg","747730","https://static.tildacdn.com/tild3830-6437-4130-b635-336536303635/14.jpg"
"project-01","10.jpg","540337","https://static.tildacdn.com/tild6662-3632-4435-b533-333666383063/15.jpg"
"project-01","11.jpg","442298","https://static.tildacdn.com/tild3762-6633-4165-a464-663164316333/16.jpg"
"project-01","12.jpg","366593","https://static.tildacdn.com/tild3365-6432-4636-b630-623734313332/17.jpg"
"project-02","cover.jpg","271274","https://static.tildacdn.com/tild3066-3265-4536-b866-326333373761/21_.jpg"
"project-02","01.jpg","224493","https://static.tildacdn.com/tild6361-3363-4137-b139-656662363962/22_.jpg"
"project-02","02.jpg","367470","https://static.tildacdn.com/tild3532-6262-4436-b062-616632356331/31__.jpg"
"project-02","03.jpg","318088","https://static.tildacdn.com/tild3863-3262-4633-a332-366661323535/32__.jpg"
"project-02","04.jpg","215740","https://static.tildacdn.com/tild3032-6165-4937-b963-363933373034/33__.jpg"
"project-02","05.jpg","361160","https://static.tildacdn.com/tild6538-3934-4363-a535-626638633731/34__.jpg"
"project-02","06.jpg","211100","https://static.tildacdn.com/tild3934-6164-4730-b533-643564303937/35__.jpg"
"project-02","07.jpg","322693","https://static.tildacdn.com/tild3136-3331-4337-a365-653737636639/11_.jpg"
"project-02","08.jpg","247381","https://static.tildacdn.com/tild3663-3864-4366-a362-393464643462/12_.jpg"
"project-02","09.jpg","254220","https://static.tildacdn.com/tild3539-3338-4936-a138-616164393534/13_.jpg"
"project-02","10.jpg","323958","https://static.tildacdn.com/tild3035-3033-4561-b064-313966636538/14_.jpg"
"project-02","11.jpg","316614","https://static.tildacdn.com/tild6431-3662-4335-a663-613437666335/15_.jpg"
"project-02","12.jpg","304494","https://static.tildacdn.com/tild3466-3035-4430-b639-616138303832/16_.jpg"
"project-03","cover.jpg","377677","https://static.tildacdn.com/tild3666-3631-4866-a634-343865363661/11_-.jpg"
"project-03","01.jpg","292550","https://static.tildacdn.com/tild3235-3136-4534-b535-643830393233/12_-.jpg"
"project-03","02.jpg","229430","https://static.tildacdn.com/tild6433-6661-4132-b131-303966323134/14_-.jpg"
"project-03","03.jpg","349296","https://static.tildacdn.com/tild6366-6130-4561-b864-376561613837/15_-.jpg"
"project-03","04.jpg","328646","https://static.tildacdn.com/tild3766-3563-4933-a162-653139303032/16_-.jpg"
"project-03","05.jpg","280388","https://static.tildacdn.com/tild3266-3833-4433-b131-643330313565/21_.jpg"
"project-03","06.jpg","426271","https://static.tildacdn.com/tild6132-3937-4439-b230-623561613930/22_.jpg"
"project-03","07.jpg","261875","https://static.tildacdn.com/tild6134-3032-4338-b263-643036326462/23_.jpg"
"project-03","08.jpg","280287","https://static.tildacdn.com/tild3134-6139-4034-b538-376234666132/24_.jpg"
"project-03","09.jpg","343848","https://static.tildacdn.com/tild6232-3539-4434-a539-313936666436/31_.jpg"
"project-03","10.jpg","447347","https://static.tildacdn.com/tild3735-6538-4332-a362-386433323930/32_.jpg"
"project-03","11.jpg","410341","https://static.tildacdn.com/tild6438-3234-4134-b630-613165386464/34_.jpg"
"project-04","cover.jpg","511324","https://static.tildacdn.com/tild6230-3061-4563-b164-643634363035/12__.jpg"
"project-04","01.jpg","327748","https://static.tildacdn.com/tild3236-3038-4234-b631-343233386535/13__.jpg"
"project-04","02.jpg","267651","https://static.tildacdn.com/tild6537-3335-4365-a435-636634383232/21__.jpg"
"project-04","03.jpg","220819","https://static.tildacdn.com/tild3765-3035-4237-a132-633437616563/22__.jpg"
"project-04","04.jpg","252690","https://static.tildacdn.com/tild6132-3365-4338-a439-383666323736/23__.jpg"
"project-04","05.jpg","369961","https://static.tildacdn.com/tild3632-3863-4135-a531-636236363739/31_-.jpg"
"project-04","06.jpg","366927","https://static.tildacdn.com/tild3634-6633-4462-a430-303836376336/32_-.jpg"
"project-04","07.jpg","220676","https://static.tildacdn.com/tild3039-3532-4464-a534-613562343463/34_-.jpg"
"project-04","08.jpg","244201","https://static.tildacdn.com/tild3339-3862-4364-b836-663034373863/35_-.jpg"
"project-04","09.jpg","202472","https://static.tildacdn.com/tild6430-6565-4434-a138-363239333365/41__.jpg"
"project-04","10.jpg","286367","https://static.tildacdn.com/tild3637-6537-4135-b464-646331383565/421__.jpg"
"project-04","11.jpg","375516","https://static.tildacdn.com/tild3735-6338-4366-b137-346337633862/43__.jpg"
"project-04","12.jpg","334472","https://static.tildacdn.com/tild3430-3163-4530-b533-633438376234/44__.jpg"
"project-05","cover.jpg","210918","https://static.tildacdn.com/tild3539-6630-4264-a266-343332653437/_9.jpg"
"project-05","01.jpg","241696","https://static.tildacdn.com/tild3037-3030-4434-b636-333963646262/_4.jpg"
"project-05","02.jpg","277581","https://static.tildacdn.com/tild3832-3034-4931-a634-396161626636/_2.jpg"
"project-05","03.jpg","232078","https://static.tildacdn.com/tild3730-3038-4661-b631-376462323535/_3.jpg"
"project-05","04.jpg","206916","https://static.tildacdn.com/tild3630-3336-4965-b634-303565356332/_4.jpg"
"project-05","05.jpg","229623","https://static.tildacdn.com/tild6662-3137-4966-a335-346130306135/_5.jpg"
"project-05","06.jpg","214662","https://static.tildacdn.com/tild3366-3132-4663-b030-373433383231/_6.jpg"
"project-05","07.jpg","224074","https://static.tildacdn.com/tild3564-6436-4962-a261-383364643336/_7.jpg"
"project-05","08.jpg","248943","https://static.tildacdn.com/tild6336-3933-4237-b839-353963653434/_8.jpg"
"project-05","09.jpg","258606","https://static.tildacdn.com/tild6530-6335-4238-a139-363539363235/_11.jpg"
"project-05","10.jpg","225786","https://static.tildacdn.com/tild3336-3033-4034-b264-633039323962/_14.jpg"
"project-05","11.jpg","225272","https://static.tildacdn.com/tild3138-6365-4764-a436-373132613839/_15.jpg"
"project-05","12.jpg","272692","https://static.tildacdn.com/tild6264-3435-4538-a235-393464373439/_16.jpg"
"project-06","cover.jpg","696299","https://static.tildacdn.com/tild3239-6430-4662-b534-313562643738/18_-.jpg"
"project-06","01.jpg","581588","https://static.tildacdn.com/tild3165-3936-4538-b761-383362663266/21_.jpg"
"project-06","02.jpg","397921","https://static.tildacdn.com/tild6130-6132-4466-a562-666664366536/22_.jpg"
"project-06","03.jpg","541049","https://static.tildacdn.com/tild6463-3036-4663-b461-386462653562/31__1.jpg"
"project-06","04.jpg","538587","https://static.tildacdn.com/tild6135-3966-4536-b161-376562383864/33__1.jpg"
"project-06","05.jpg","705503","https://static.tildacdn.com/tild3365-3637-4666-b834-316430303636/41__2.jpg"
"project-06","06.jpg","609455","https://static.tildacdn.com/tild6231-6462-4861-a332-373334646139/42_2.jpg"
"project-06","07.jpg","340558","https://static.tildacdn.com/tild6636-3631-4332-b536-336462623333/43__2.jpg"
"project-06","08.jpg","554004","https://static.tildacdn.com/tild6638-3961-4030-b366-336338323961/11_-.jpg"
"project-06","09.jpg","907931","https://static.tildacdn.com/tild3564-3633-4264-b731-313465396539/12_-.jpg"
"project-06","10.jpg","782273","https://static.tildacdn.com/tild3330-6435-4566-a266-306264646366/13_-.jpg"
"project-06","11.jpg","636121","https://static.tildacdn.com/tild3062-6439-4732-a264-633136666531/15_-.jpg"
"project-06","12.jpg","719029","https://static.tildacdn.com/tild3931-3338-4334-b863-353664656338/16_-.jpg"
"project-07","cover.jpg","306678","https://static.tildacdn.com/tild3039-3862-4531-a661-623462623939/1.jpg"
"project-07","01.jpg","260338","https://static.tildacdn.com/tild3034-3632-4361-b333-363933626435/2.jpg"
"project-07","02.jpg","824572","https://static.tildacdn.com/tild6636-3632-4566-b633-303162346237/3.jpg"
"project-07","03.jpg","825890","https://static.tildacdn.com/tild6364-3637-4332-a438-346565386637/4.jpg"
"project-07","04.jpg","366282","https://static.tildacdn.com/tild6330-6630-4364-a437-363031666635/5.jpg"
"project-07","05.jpg","370048","https://static.tildacdn.com/tild3230-3665-4164-a564-656262393935/6.jpg"
"project-07","06.jpg","331335","https://static.tildacdn.com/tild3564-6561-4332-b564-396661386166/7.jpg"
"project-07","07.jpg","454868","https://static.tildacdn.com/tild3261-3861-4866-a435-333331393938/8.jpg"
"project-07","08.jpg","256166","https://static.tildacdn.com/tild3639-3237-4237-b761-373065356561/9.jpg"
"project-07","09.jpg","260185","https://static.tildacdn.com/tild3639-6534-4866-a564-346335366134/10.jpg"
"project-07","10.jpg","398848","https://static.tildacdn.com/tild3665-6365-4831-b736-643134363165/11.jpg"
"project-07","11.jpg","406424","https://static.tildacdn.com/tild3366-6361-4065-b934-643862623138/12.jpg"
"project-07","12.jpg","470858","https://static.tildacdn.com/tild3032-3135-4837-a561-316339633531/13.jpg"
"project-08","cover.jpg","273295","https://static.tildacdn.com/tild3638-3336-4266-b538-376636316535/1.jpg"
"project-08","01.jpg","277364","https://static.tildacdn.com/tild6630-3931-4630-b665-646335663432/2.jpg"
"project-08","02.jpg","308522","https://static.tildacdn.com/tild3733-3237-4266-a430-666338316666/3.jpg"
"project-08","03.jpg","265043","https://static.tildacdn.com/tild3736-6561-4130-a365-303235653538/4.jpg"
"project-08","04.jpg","382312","https://static.tildacdn.com/tild3235-6337-4332-a531-653337393636/5.jpg"
"project-08","05.jpg","247536","https://static.tildacdn.com/tild6430-3863-4664-b262-333935313665/6.jpg"
"project-08","06.jpg","207064","https://static.tildacdn.com/tild3662-6438-4866-b533-336263346230/7.jpg"
"project-08","07.jpg","359061","https://static.tildacdn.com/tild6535-3830-4736-b134-646264636430/8.jpg"
"project-08","08.jpg","275329","https://static.tildacdn.com/tild3435-6236-4736-b333-346561376633/9.jpg"
"project-08","09.jpg","280385","https://static.tildacdn.com/tild3039-3933-4161-a335-306161363439/11.jpg"
"project-08","10.jpg","309210","https://static.tildacdn.com/tild6563-3236-4239-a639-393665313866/12.jpg"
"project-08","11.jpg","227606","https://static.tildacdn.com/tild3039-6665-4361-b631-613432636132/13.jpg"
"project-08","12.jpg","263549","https://static.tildacdn.com/tild3164-3233-4334-b966-383365383965/14.jpg"
"project-09","cover.jpg","447755","https://static.tildacdn.com/tild6362-3739-4337-b837-353365353664/2.jpg"
"project-09","01.jpg","508340","https://static.tildacdn.com/tild6366-3763-4434-b737-663561633933/3.jpg"
"project-09","02.jpg","271675","https://static.tildacdn.com/tild3363-3234-4131-b236-666330333333/4.jpg"
"project-09","03.jpg","310458","https://static.tildacdn.com/tild6332-3832-4339-b066-396230656633/5.jpg"
"project-09","04.jpg","666622","https://static.tildacdn.com/tild6264-3239-4835-a334-363765393066/6.jpg"
"project-09","05.jpg","549722","https://static.tildacdn.com/tild6430-3832-4562-b031-653939636362/8.jpg"
"project-09","06.jpg","254327","https://static.tildacdn.com/tild3363-3734-4638-b864-303336363264/9.jpg"
"project-09","07.jpg","215422","https://static.tildacdn.com/tild3265-6433-4835-b961-383133633836/15.jpg"
"project-09","08.jpg","167114","https://static.tildacdn.com/tild3564-3532-4732-a463-303466633066/16.jpg"
"project-09","09.jpg","558875","https://static.tildacdn.com/tild3862-6663-4137-b761-373636383864/17.jpg"
"project-09","10.jpg","292938","https://static.tildacdn.com/tild3263-3334-4065-a366-336632386239/18.jpg"
"project-09","11.jpg","469775","https://static.tildacdn.com/tild3233-3736-4566-b362-393362653731/19.jpg"
"project-09","12.jpg","274070","https://static.tildacdn.com/tild3463-3232-4232-b039-663234353931/1.jpg"
"project-10","cover.jpg","350685","https://static.tildacdn.com/tild3162-3734-4738-a662-646664636364/11.jpg"
"project-10","01.jpg","401738","https://static.tildacdn.com/tild3765-6664-4435-b539-636636313364/1.jpg"
"project-10","02.jpg","550190","https://static.tildacdn.com/tild6236-3832-4266-a537-376464366262/5.jpg"
"project-10","03.jpg","338635","https://static.tildacdn.com/tild3232-6430-4962-b934-666161373333/1.jpg"
"project-10","04.jpg","739666","https://static.tildacdn.com/tild6638-6466-4431-a538-383661393138/2.jpg"
"project-10","05.jpg","538305","https://static.tildacdn.com/tild6533-6366-4135-b465-383362633536/5.jpg"
"project-10","06.jpg","636523","https://static.tildacdn.com/tild6238-6661-4235-a237-623563653236/7.jpg"
"project-10","07.jpg","436091","https://static.tildacdn.com/tild3831-3563-4435-b032-656638366537/2.jpg"
"project-10","08.jpg","859249","https://static.tildacdn.com/tild3134-6361-4136-a665-306631323761/photo.jpg"
"project-10","09.jpg","645589","https://static.tildacdn.com/tild3531-3763-4738-a230-346530373666/3.jpg"
"project-10","10.jpg","317508","https://static.tildacdn.com/tild3432-3166-4362-a237-376131353364/4.jpg"
"project-10","11.jpg","782348","https://static.tildacdn.com/tild3230-3436-4134-b561-333234393566/1.jpg"
"project-10","12.jpg","800477","https://static.tildacdn.com/tild3131-3936-4031-b566-383733323161/2.jpg"
